ctrl,block,picture_name,x1,x2,x3,x4,x5,x6,x7,x8,x9,x10,t1,t2,m1,m2,m3,m4,m5,m6,m7,m8,m9,m10
0,1,TAMe_ClASSY,1.9760335683243049,-3.621532254145694,1.3148334861234474,-3.2651447303926737,-0.2203719006684597,-0.8965860147899433,-0.1607251628899509,0.8251004986119508,0.7234487953757103,-1.8751100507848733,1,-1,0,0,0,0,0,0,0,0,0,0
0,1,destruction_conscience,-0.9396774713516994,0.4970195211794145,3.6263102487765506,-3.096269563829302,-0.8389284727617555,0.08291160926638765,0.775301736184001,-2.002456393287666,-1.7698017968075603,-2.4956154084355684,1,-1,0,0,0,0,0,0,0,0,0,0
0,1,crowd_eat,3.464425780622782,-2.1814762076083105,2.970637458126883,0.21128554122673138,1.9380351258950224,0.8702578372919586,-0.48947659864486637,0.16624780557133004,1.1253352477739813,-0.3890157269085946,1,-1,0,0,0,0,0,0,0,0,0,0
0,1,QueUe_dApPer,0.6288818382488954,5.19453479009911,1.9972514014430427,0.40050487836843274,1.4912289270615944,0.2904290039789499,1.1395396402203801,2.435187411149267,-0.7655027310952911,2.1937186213765436,-1,1,0,0,0,0,0,0,0,0,0,0
0,1,NIce_bOUnCY,0.7828446779575062,3.511250699827277,-1.5394361587923129,-1.1193435240879257,-1.6300907723247842,-0.9156920361189275,-1.6523661694821152,-2.4586663928904033,-0.19700991891396746,1.692840555275658,-1,1,0,0,0,0,0,0,0,0,0,0
0,1,beach_fur,0.272481400011892,-0.6791003912959912,3.821021329272513,-1.5851728996264127,0.21197871743205401,2.1142275690814514,-1.3210146855223628,-0.8969150465417786,-0.21754261827884097,1.5828092925659627,1,-1,0,0,0,0,0,0,0,0,0,0
0,1,structure_mention,1.640413028021804,3.7513317872997787,0.505484998163238,-1.1958987325059909,-1.2027416241769118,-2.0312050578888723,-0.3649212724253494,0.7746111786074922,-1.2961975069934264,-0.5212807139436377,-1,1,0,0,0,0,0,0,0,0,0,0
0,1,REqUEst_ReCoGNise,-0.41085173404063613,4.122367840870528,1.3318543275160657,-0.892858180957314,1.040821588789482,-0.9247061393751365,-1.1650361415401207,2.0806358304824233,-2.2273578189082266,1.1272632344365958,-1,1,0,0,0,0,0,0,0,0,0,0
0,1,serve_battlefield,-1.597851719179132,-0.10553317170454009,1.7098715048083106,-2.061998926704165,-1.4543568808199128,2.574084928842054,2.3308105219538624,-0.7898159592182301,-2.8056744277028933,-1.543895776573618,1,-1,0,0,0,0,0,0,0,0,0,0
0,1,GiraFFe_nEck,1.2469411359400735,3.8921262091647018,-0.18739697773109068,-0.8740265465228338,1.5127479716120593,0.6069902130842513,0.12495299159146978,0.5523350257852231,-2.1818865146948077,0.15204071797879432,-1,1,0,0,0,0,0,0,0,0,0,0
0,1,feature_dog,-0.7897691916334084,2.0291583046152333,0.18050709819193297,-2.564609409206176,-0.5775191422946853,-0.027777156794837055,-2.305103711421035,-2.3347445499599253,0.06564571171956435,0.19897107431373848,-1,1,0,0,0,0,0,0,0,0,0,0
0,1,cEmetErry_plAin,4.73014314751304,-2.8240983225069574,0.2730627385275119,-1.4778985177882085,1.5008391132008212,0.34090419330486854,1.3522345224599222,1.3548192922379858,1.8629009613988576,0.8199231482647839,1,-1,0,0,0,0,0,0,0,0,0,0
0,1,friend_Koran,1.459627760316339,0.4040702803717912,2.824342539607606,2.1917863236891364,-0.08893073609572955,3.1947726644777443,-0.44791077034918697,-0.10361423163733856,-0.9501060647468651,1.46780148456177,1,-1,0,0,0,0,0,0,0,0,0,0
0,1,prr0teSt_intEnd,2.3404956186598422,2.364477505690651,2.8080056103087427,2.5256636433822077,-3.4684276477082623,-0.593688237875938,0.08152605507927713,1.8446848844069244,1.7213280638475295,-0.9817013864021145,-1,1,0,0,0,0,0,0,0,0,0,0
1,1,nose_mArrvELouS,0.025296988568845685,-2.252334868574461,4.4914707411631,-0.8979430140466258,2.6387375589785345,-0.3869836909533477,-0.5963575937214981,-0.18352197027109135,1.7109446828296109,1.6428648856231078,1,-1,0,0,0,0,0,0,0,0,0,0
0,1,bLAND_bLACk,-1.5830918890979446,-1.3927632232072937,2.06051032746705,-3.8679597681492632,-1.6315539546246804,0.9034578659493224,-0.6952518298980552,-0.8117754631840041,1.6316763940834322,0.6171982688836185,1,-1,0,0,0,0,0,0,0,0,0,0
0,1,afford_gutter,2.691381996844477,1.9946872923253656,0.2634832920905441,2.070941682962465,0.6824109660595299,-1.5051150829455107,2.7589089920962158,-1.6177762493578653,0.8175601287402227,0.2968351368952756,-1,1,0,0,0,0,0,0,0,0,0,0
0,1,bOunDaRY_sTRanGer,0.6890692077578117,1.0572570667314622,-0.6981963330879731,-1.8228796380538015,1.0494131094902683,0.667241570540765,4.337373161152913,-1.7383153997778693,-1.0291873827831726,0.9740424302036611,-1,1,0,0,0,0,0,0,0,0,0,0
0,2,afford_gutter,2.691381996844477,1.9946872923253656,0.2634832920905441,2.070941682962465,0.6824109660595299,-1.5051150829455107,2.7589089920962158,-1.6177762493578653,0.8175601287402227,0.2968351368952756,-1,1,0,0,0,0,0,0,0,0,0,0
0,2,beach_fur,0.272481400011892,-0.6791003912959912,3.821021329272513,-1.5851728996264127,0.21197871743205401,2.1142275690814514,-1.3210146855223628,-0.8969150465417786,-0.21754261827884097,1.5828092925659627,1,-1,0,0,0,0,0,0,0,0,0,0
0,2,friend_Koran,1.459627760316339,0.4040702803717912,2.824342539607606,2.1917863236891364,-0.08893073609572955,3.1947726644777443,-0.44791077034918697,-0.10361423163733856,-0.9501060647468651,1.46780148456177,1,-1,0,0,0,0,0,0,0,0,0,0
0,2,structure_mention,1.640413028021804,3.7513317872997787,0.505484998163238,-1.1958987325059909,-1.2027416241769118,-2.0312050578888723,-0.3649212724253494,0.7746111786074922,-1.2961975069934264,-0.5212807139436377,-1,1,0,0,0,0,0,0,0,0,0,0
0,2,QueUe_dApPer,0.6288818382488954,5.19453479009911,1.9972514014430427,0.40050487836843274,1.4912289270615944,0.2904290039789499,1.1395396402203801,2.435187411149267,-0.7655027310952911,2.1937186213765436,-1,1,0,0,0,0,0,0,0,0,0,0
0,2,cEmetErry_plAin,4.73014314751304,-2.8240983225069574,0.2730627385275119,-1.4778985177882085,1.5008391132008212,0.34090419330486854,1.3522345224599222,1.3548192922379858,1.8629009613988576,0.8199231482647839,1,-1,0,0,0,0,0,0,0,0,0,0
0,2,nose_mArrvELouS,0.025296988568845685,-2.252334868574461,4.4914707411631,-0.8979430140466258,2.6387375589785345,-0.3869836909533477,-0.5963575937214981,-0.18352197027109135,1.7109446828296109,1.6428648856231078,1,-1,0,0,0,0,0,0,0,0,0,0
0,2,NIce_bOUnCY,0.7828446779575062,3.511250699827277,-1.5394361587923129,-1.1193435240879257,-1.6300907723247842,-0.9156920361189275,-1.6523661694821152,-2.4586663928904033,-0.19700991891396746,1.692840555275658,-1,1,0,0,0,0,0,0,0,0,0,0
0,2,bLAND_bLACk,-1.5830918890979446,-1.3927632232072937,2.06051032746705,-3.8679597681492632,-1.6315539546246804,0.9034578659493224,-0.6952518298980552,-0.8117754631840041,1.6316763940834322,0.6171982688836185,1,-1,0,0,0,0,0,0,0,0,0,0
0,2,bOunDaRY_sTRanGer,0.6890692077578117,1.0572570667314622,-0.6981963330879731,-1.8228796380538015,1.0494131094902683,0.667241570540765,4.337373161152913,-1.7383153997778693,-1.0291873827831726,0.9740424302036611,-1,1,0,0,0,0,0,0,0,0,0,0
0,2,prr0teSt_intEnd,2.3404956186598422,2.364477505690651,2.8080056103087427,2.5256636433822077,-3.4684276477082623,-0.593688237875938,0.08152605507927713,1.8446848844069244,1.7213280638475295,-0.9817013864021145,-1,1,0,0,0,0,0,0,0,0,0,0
0,2,crowd_eat,3.464425780622782,-2.1814762076083105,2.970637458126883,0.21128554122673138,1.9380351258950224,0.8702578372919586,-0.48947659864486637,0.16624780557133004,1.1253352477739813,-0.3890157269085946,1,-1,0,0,0,0,0,0,0,0,0,0
0,2,GiraFFe_nEck,1.2469411359400735,3.8921262091647018,-0.18739697773109068,-0.8740265465228338,1.5127479716120593,0.6069902130842513,0.12495299159146978,0.5523350257852231,-2.1818865146948077,0.15204071797879432,-1,1,0,0,0,0,0,0,0,0,0,0
0,2,feature_dog,-0.7897691916334084,2.0291583046152333,0.18050709819193297,-2.564609409206176,-0.5775191422946853,-0.027777156794837055,-2.305103711421035,-2.3347445499599253,0.06564571171956435,0.19897107431373848,-1,1,0,0,0,0,0,0,0,0,0,0
0,2,serve_battlefield,-1.597851719179132,-0.10553317170454009,1.7098715048083106,-2.061998926704165,-1.4543568808199128,2.574084928842054,2.3308105219538624,-0.7898159592182301,-2.8056744277028933,-1.543895776573618,1,-1,0,0,0,0,0,0,0,0,0,0
0,2,REqUEst_ReCoGNise,-0.41085173404063613,4.122367840870528,1.3318543275160657,-0.892858180957314,1.040821588789482,-0.9247061393751365,-1.1650361415401207,2.0806358304824233,-2.2273578189082266,1.1272632344365958,-1,1,0,0,0,0,0,0,0,0,0,0
0,2,TAMe_ClASSY,1.9760335683243049,-3.621532254145694,1.3148334861234474,-3.2651447303926737,-0.2203719006684597,-0.8965860147899433,-0.1607251628899509,0.8251004986119508,0.7234487953757103,-1.8751100507848733,1,-1,0,0,0,0,0,0,0,0,0,0
0,2,destruction_conscience,-0.9396774713516994,0.4970195211794145,3.6263102487765506,-3.096269563829302,-0.8389284727617555,0.08291160926638765,0.775301736184001,-2.002456393287666,-1.7698017968075603,-2.4956154084355684,1,-1,0,0,0,0,0,0,0,0,0,0
0,3,REqUEst_ReCoGNise,-0.41085173404063613,4.122367840870528,1.3318543275160657,-0.892858180957314,1.040821588789482,-0.9247061393751365,-1.1650361415401207,2.0806358304824233,-2.2273578189082266,1.1272632344365958,-1,1,0,0,0,0,0,0,0,0,0,0
0,3,friend_Koran,1.459627760316339,0.4040702803717912,2.824342539607606,2.1917863236891364,-0.08893073609572955,3.1947726644777443,-0.44791077034918697,-0.10361423163733856,-0.9501060647468651,1.46780148456177,1,-1,0,0,0,0,0,0,0,0,0,0
0,3,nose_mArrvELouS,0.025296988568845685,-2.252334868574461,4.4914707411631,-0.8979430140466258,2.6387375589785345,-0.3869836909533477,-0.5963575937214981,-0.18352197027109135,1.7109446828296109,1.6428648856231078,1,-1,0,0,0,0,0,0,0,0,0,0
0,3,afford_gutter,2.691381996844477,1.9946872923253656,0.2634832920905441,2.070941682962465,0.6824109660595299,-1.5051150829455107,2.7589089920962158,-1.6177762493578653,0.8175601287402227,0.2968351368952756,-1,1,0,0,0,0,0,0,0,0,0,0
0,3,destruction_conscience,-0.9396774713516994,0.4970195211794145,3.6263102487765506,-3.096269563829302,-0.8389284727617555,0.08291160926638765,0.775301736184001,-2.002456393287666,-1.7698017968075603,-2.4956154084355684,1,-1,0,0,0,0,0,0,0,0,0,0
0,3,serve_battlefield,-1.597851719179132,-0.10553317170454009,1.7098715048083106,-2.061998926704165,-1.4543568808199128,2.574084928842054,2.3308105219538624,-0.7898159592182301,-2.8056744277028933,-1.543895776573618,1,-1,0,0,0,0,0,0,0,0,0,0
0,3,GiraFFe_nEck,1.2469411359400735,3.8921262091647018,-0.18739697773109068,-0.8740265465228338,1.5127479716120593,0.6069902130842513,0.12495299159146978,0.5523350257852231,-2.1818865146948077,0.15204071797879432,-1,1,0,0,0,0,0,0,0,0,0,0
0,3,prr0teSt_intEnd,2.3404956186598422,2.364477505690651,2.8080056103087427,2.5256636433822077,-3.4684276477082623,-0.593688237875938,0.08152605507927713,1.8446848844069244,1.7213280638475295,-0.9817013864021145,-1,1,0,0,0,0,0,0,0,0,0,0
0,3,structure_mention,1.640413028021804,3.7513317872997787,0.505484998163238,-1.1958987325059909,-1.2027416241769118,-2.0312050578888723,-0.3649212724253494,0.7746111786074922,-1.2961975069934264,-0.5212807139436377,-1,1,0,0,0,0,0,0,0,0,0,0
0,3,QueUe_dApPer,0.6288818382488954,5.19453479009911,1.9972514014430427,0.40050487836843274,1.4912289270615944,0.2904290039789499,1.1395396402203801,2.435187411149267,-0.7655027310952911,2.1937186213765436,-1,1,0,0,0,0,0,0,0,0,0,0
0,3,bLAND_bLACk,-1.5830918890979446,-1.3927632232072937,2.06051032746705,-3.8679597681492632,-1.6315539546246804,0.9034578659493224,-0.6952518298980552,-0.8117754631840041,1.6316763940834322,0.6171982688836185,1,-1,0,0,0,0,0,0,0,0,0,0
0,3,cEmetErry_plAin,4.73014314751304,-2.8240983225069574,0.2730627385275119,-1.4778985177882085,1.5008391132008212,0.34090419330486854,1.3522345224599222,1.3548192922379858,1.8629009613988576,0.8199231482647839,1,-1,0,0,0,0,0,0,0,0,0,0
0,3,TAMe_ClASSY,1.9760335683243049,-3.621532254145694,1.3148334861234474,-3.2651447303926737,-0.2203719006684597,-0.8965860147899433,-0.1607251628899509,0.8251004986119508,0.7234487953757103,-1.8751100507848733,1,-1,0,0,0,0,0,0,0,0,0,0
0,3,bOunDaRY_sTRanGer,0.6890692077578117,1.0572570667314622,-0.6981963330879731,-1.8228796380538015,1.0494131094902683,0.667241570540765,4.337373161152913,-1.7383153997778693,-1.0291873827831726,0.9740424302036611,-1,1,0,0,0,0,0,0,0,0,0,0
0,3,NIce_bOUnCY,0.7828446779575062,3.511250699827277,-1.5394361587923129,-1.1193435240879257,-1.6300907723247842,-0.9156920361189275,-1.6523661694821152,-2.4586663928904033,-0.19700991891396746,1.692840555275658,-1,1,0,0,0,0,0,0,0,0,0,0
0,3,beach_fur,0.272481400011892,-0.6791003912959912,3.821021329272513,-1.5851728996264127,0.21197871743205401,2.1142275690814514,-1.3210146855223628,-0.8969150465417786,-0.21754261827884097,1.5828092925659627,1,-1,0,0,0,0,0,0,0,0,0,0
0,3,crowd_eat,3.464425780622782,-2.1814762076083105,2.970637458126883,0.21128554122673138,1.9380351258950224,0.8702578372919586,-0.48947659864486637,0.16624780557133004,1.1253352477739813,-0.3890157269085946,1,-1,0,0,0,0,0,0,0,0,0,0
0,3,feature_dog,-0.7897691916334084,2.0291583046152333,0.18050709819193297,-2.564609409206176,-0.5775191422946853,-0.027777156794837055,-2.305103711421035,-2.3347445499599253,0.06564571171956435,0.19897107431373848,-1,1,0,0,0,0,0,0,0,0,0,0
0,4,destruction_conscience,-0.9396774713516994,0.4970195211794145,3.6263102487765506,-3.096269563829302,-0.8389284727617555,0.08291160926638765,0.775301736184001,-2.002456393287666,-1.7698017968075603,-2.4956154084355684,1,-1,0,0,0,0,0,0,0,0,0,0
0,4,bLAND_bLACk,-1.5830918890979446,-1.3927632232072937,2.06051032746705,-3.8679597681492632,-1.6315539546246804,0.9034578659493224,-0.6952518298980552,-0.8117754631840041,1.6316763940834322,0.6171982688836185,1,-1,0,0,0,0,0,0,0,0,0,0
0,4,GiraFFe_nEck,1.2469411359400735,3.8921262091647018,-0.18739697773109068,-0.8740265465228338,1.5127479716120593,0.6069902130842513,0.12495299159146978,0.5523350257852231,-2.1818865146948077,0.15204071797879432,-1,1,0,0,0,0,0,0,0,0,0,0
0,4,crowd_eat,3.464425780622782,-2.1814762076083105,2.970637458126883,0.21128554122673138,1.9380351258950224,0.8702578372919586,-0.48947659864486637,0.16624780557133004,1.1253352477739813,-0.3890157269085946,1,-1,0,0,0,0,0,0,0,0,0,0
0,4,prr0teSt_intEnd,2.3404956186598422,2.364477505690651,2.8080056103087427,2.5256636433822077,-3.4684276477082623,-0.593688237875938,0.08152605507927713,1.8446848844069244,1.7213280638475295,-0.9817013864021145,-1,1,0,0,0,0,0,0,0,0,0,0
0,4,afford_gutter,2.691381996844477,1.9946872923253656,0.2634832920905441,2.070941682962465,0.6824109660595299,-1.5051150829455107,2.7589089920962158,-1.6177762493578653,0.8175601287402227,0.2968351368952756,-1,1,0,0,0,0,0,0,0,0,0,0
0,4,NIce_bOUnCY,0.7828446779575062,3.511250699827277,-1.5394361587923129,-1.1193435240879257,-1.6300907723247842,-0.9156920361189275,-1.6523661694821152,-2.4586663928904033,-0.19700991891396746,1.692840555275658,-1,1,0,0,0,0,0,0,0,0,0,0
0,4,REqUEst_ReCoGNise,-0.41085173404063613,4.122367840870528,1.3318543275160657,-0.892858180957314,1.040821588789482,-0.9247061393751365,-1.1650361415401207,2.0806358304824233,-2.2273578189082266,1.1272632344365958,-1,1,0,0,0,0,0,0,0,0,0,0
0,4,nose_mArrvELouS,0.025296988568845685,-2.252334868574461,4.4914707411631,-0.8979430140466258,2.6387375589785345,-0.3869836909533477,-0.5963575937214981,-0.18352197027109135,1.7109446828296109,1.6428648856231078,1,-1,0,0,0,0,0,0,0,0,0,0
0,4,QueUe_dApPer,0.6288818382488954,5.19453479009911,1.9972514014430427,0.40050487836843274,1.4912289270615944,0.2904290039789499,1.1395396402203801,2.435187411149267,-0.7655027310952911,2.1937186213765436,-1,1,0,0,0,0,0,0,0,0,0,0
0,4,structure_mention,1.640413028021804,3.7513317872997787,0.505484998163238,-1.1958987325059909,-1.2027416241769118,-2.0312050578888723,-0.3649212724253494,0.7746111786074922,-1.2961975069934264,-0.5212807139436377,-1,1,0,0,0,0,0,0,0,0,0,0
0,4,friend_Koran,1.459627760316339,0.4040702803717912,2.824342539607606,2.1917863236891364,-0.08893073609572955,3.1947726644777443,-0.44791077034918697,-0.10361423163733856,-0.9501060647468651,1.46780148456177,1,-1,0,0,0,0,0,0,0,0,0,0
0,4,serve_battlefield,-1.597851719179132,-0.10553317170454009,1.7098715048083106,-2.061998926704165,-1.4543568808199128,2.574084928842054,2.3308105219538624,-0.7898159592182301,-2.8056744277028933,-1.543895776573618,1,-1,0,0,0,0,0,0,0,0,0,0
0,4,cEmetErry_plAin,4.73014314751304,-2.8240983225069574,0.2730627385275119,-1.4778985177882085,1.5008391132008212,0.34090419330486854,1.3522345224599222,1.3548192922379858,1.8629009613988576,0.8199231482647839,1,-1,0,0,0,0,0,0,0,0,0,0
0,4,feature_dog,-0.7897691916334084,2.0291583046152333,0.18050709819193297,-2.564609409206176,-0.5775191422946853,-0.027777156794837055,-2.305103711421035,-2.3347445499599253,0.06564571171956435,0.19897107431373848,-1,1,0,0,0,0,0,0,0,0,0,0
0,4,bOunDaRY_sTRanGer,0.6890692077578117,1.0572570667314622,-0.6981963330879731,-1.8228796380538015,1.0494131094902683,0.667241570540765,4.337373161152913,-1.7383153997778693,-1.0291873827831726,0.9740424302036611,-1,1,0,0,0,0,0,0,0,0,0,0
0,4,beach_fur,0.272481400011892,-0.6791003912959912,3.821021329272513,-1.5851728996264127,0.21197871743205401,2.1142275690814514,-1.3210146855223628,-0.8969150465417786,-0.21754261827884097,1.5828092925659627,1,-1,0,0,0,0,0,0,0,0,0,0
0,4,TAMe_ClASSY,1.9760335683243049,-3.621532254145694,1.3148334861234474,-3.2651447303926737,-0.2203719006684597,-0.8965860147899433,-0.1607251628899509,0.8251004986119508,0.7234487953757103,-1.8751100507848733,1,-1,0,0,0,0,0,0,0,0,0,0
0,5,cEmetErry_plAin,4.73014314751304,-2.8240983225069574,0.2730627385275119,-1.4778985177882085,1.5008391132008212,0.34090419330486854,1.3522345224599222,1.3548192922379858,1.8629009613988576,0.8199231482647839,1,-1,0,0,0,0,0,0,0,0,0,0
0,5,beach_fur,0.272481400011892,-0.6791003912959912,3.821021329272513,-1.5851728996264127,0.21197871743205401,2.1142275690814514,-1.3210146855223628,-0.8969150465417786,-0.21754261827884097,1.5828092925659627,1,-1,0,0,0,0,0,0,0,0,0,0
0,5,serve_battlefield,-1.597851719179132,-0.10553317170454009,1.7098715048083106,-2.061998926704165,-1.4543568808199128,2.574084928842054,2.3308105219538624,-0.7898159592182301,-2.8056744277028933,-1.543895776573618,1,-1,0,0,0,0,0,0,0,0,0,0
0,5,GiraFFe_nEck,1.2469411359400735,3.8921262091647018,-0.18739697773109068,-0.8740265465228338,1.5127479716120593,0.6069902130842513,0.12495299159146978,0.5523350257852231,-2.1818865146948077,0.15204071797879432,-1,1,0,0,0,0,0,0,0,0,0,0
0,5,prr0teSt_intEnd,2.3404956186598422,2.364477505690651,2.8080056103087427,2.5256636433822077,-3.4684276477082623,-0.593688237875938,0.08152605507927713,1.8446848844069244,1.7213280638475295,-0.9817013864021145,-1,1,0,0,0,0,0,0,0,0,0,0
0,5,REqUEst_ReCoGNise,-0.41085173404063613,4.122367840870528,1.3318543275160657,-0.892858180957314,1.040821588789482,-0.9247061393751365,-1.1650361415401207,2.0806358304824233,-2.2273578189082266,1.1272632344365958,-1,1,0,0,0,0,0,0,0,0,0,0
0,5,nose_mArrvELouS,0.025296988568845685,-2.252334868574461,4.4914707411631,-0.8979430140466258,2.6387375589785345,-0.3869836909533477,-0.5963575937214981,-0.18352197027109135,1.7109446828296109,1.6428648856231078,1,-1,0,0,0,0,0,0,0,0,0,0
0,5,crowd_eat,3.464425780622782,-2.1814762076083105,2.970637458126883,0.21128554122673138,1.9380351258950224,0.8702578372919586,-0.48947659864486637,0.16624780557133004,1.1253352477739813,-0.3890157269085946,1,-1,0,0,0,0,0,0,0,0,0,0
0,5,bOunDaRY_sTRanGer,0.6890692077578117,1.0572570667314622,-0.6981963330879731,-1.8228796380538015,1.0494131094902683,0.667241570540765,4.337373161152913,-1.7383153997778693,-1.0291873827831726,0.9740424302036611,-1,1,0,0,0,0,0,0,0,0,0,0
0,5,friend_Koran,1.459627760316339,0.4040702803717912,2.824342539607606,2.1917863236891364,-0.08893073609572955,3.1947726644777443,-0.44791077034918697,-0.10361423163733856,-0.9501060647468651,1.46780148456177,1,-1,0,0,0,0,0,0,0,0,0,0
0,5,structure_mention,1.640413028021804,3.7513317872997787,0.505484998163238,-1.1958987325059909,-1.2027416241769118,-2.0312050578888723,-0.3649212724253494,0.7746111786074922,-1.2961975069934264,-0.5212807139436377,-1,1,0,0,0,0,0,0,0,0,0,0
0,5,destruction_conscience,-0.9396774713516994,0.4970195211794145,3.6263102487765506,-3.096269563829302,-0.8389284727617555,0.08291160926638765,0.775301736184001,-2.002456393287666,-1.7698017968075603,-2.4956154084355684,1,-1,0,0,0,0,0,0,0,0,0,0
0,5,afford_gutter,2.691381996844477,1.9946872923253656,0.2634832920905441,2.070941682962465,0.6824109660595299,-1.5051150829455107,2.7589089920962158,-1.6177762493578653,0.8175601287402227,0.2968351368952756,-1,1,0,0,0,0,0,0,0,0,0,0
0,5,QueUe_dApPer,0.6288818382488954,5.19453479009911,1.9972514014430427,0.40050487836843274,1.4912289270615944,0.2904290039789499,1.1395396402203801,2.435187411149267,-0.7655027310952911,2.1937186213765436,-1,1,0,0,0,0,0,0,0,0,0,0
0,5,bLAND_bLACk,-1.5830918890979446,-1.3927632232072937,2.06051032746705,-3.8679597681492632,-1.6315539546246804,0.9034578659493224,-0.6952518298980552,-0.8117754631840041,1.6316763940834322,0.6171982688836185,1,-1,0,0,0,0,0,0,0,0,0,0
0,5,TAMe_ClASSY,1.9760335683243049,-3.621532254145694,1.3148334861234474,-3.2651447303926737,-0.2203719006684597,-0.8965860147899433,-0.1607251628899509,0.8251004986119508,0.7234487953757103,-1.8751100507848733,1,-1,0,0,0,0,0,0,0,0,0,0
0,5,feature_dog,-0.7897691916334084,2.0291583046152333,0.18050709819193297,-2.564609409206176,-0.5775191422946853,-0.027777156794837055,-2.305103711421035,-2.3347445499599253,0.06564571171956435,0.19897107431373848,-1,1,0,0,0,0,0,0,0,0,0,0
0,5,NIce_bOUnCY,0.7828446779575062,3.511250699827277,-1.5394361587923129,-1.1193435240879257,-1.6300907723247842,-0.9156920361189275,-1.6523661694821152,-2.4586663928904033,-0.19700991891396746,1.692840555275658,-1,1,0,0,0,0,0,0,0,0,0,0
0,6,friend_Koran,1.459627760316339,0.4040702803717912,2.824342539607606,2.1917863236891364,-0.08893073609572955,3.1947726644777443,-0.44791077034918697,-0.10361423163733856,-0.9501060647468651,1.46780148456177,1,-1,0,0,0,0,0,0,0,0,0,0
0,6,structure_mention,1.640413028021804,3.7513317872997787,0.505484998163238,-1.1958987325059909,-1.2027416241769118,-2.0312050578888723,-0.3649212724253494,0.7746111786074922,-1.2961975069934264,-0.5212807139436377,-1,1,0,0,0,0,0,0,0,0,0,0
0,6,NIce_bOUnCY,0.7828446779575062,3.511250699827277,-1.5394361587923129,-1.1193435240879257,-1.6300907723247842,-0.9156920361189275,-1.6523661694821152,-2.4586663928904033,-0.19700991891396746,1.692840555275658,-1,1,0,0,0,0,0,0,0,0,0,0
0,6,beach_fur,0.272481400011892,-0.6791003912959912,3.821021329272513,-1.5851728996264127,0.21197871743205401,2.1142275690814514,-1.3210146855223628,-0.8969150465417786,-0.21754261827884097,1.5828092925659627,1,-1,0,0,0,0,0,0,0,0,0,0
0,6,GiraFFe_nEck,1.2469411359400735,3.8921262091647018,-0.18739697773109068,-0.8740265465228338,1.5127479716120593,0.6069902130842513,0.12495299159146978,0.5523350257852231,-2.1818865146948077,0.15204071797879432,-1,1,0,0,0,0,0,0,0,0,0,0
0,6,nose_mArrvELouS,0.025296988568845685,-2.252334868574461,4.4914707411631,-0.8979430140466258,2.6387375589785345,-0.3869836909533477,-0.5963575937214981,-0.18352197027109135,1.7109446828296109,1.6428648856231078,1,-1,0,0,0,0,0,0,0,0,0,0
0,6,destruction_conscience,-0.9396774713516994,0.4970195211794145,3.6263102487765506,-3.096269563829302,-0.8389284727617555,0.08291160926638765,0.775301736184001,-2.002456393287666,-1.7698017968075603,-2.4956154084355684,1,-1,0,0,0,0,0,0,0,0,0,0
0,6,feature_dog,-0.7897691916334084,2.0291583046152333,0.18050709819193297,-2.564609409206176,-0.5775191422946853,-0.027777156794837055,-2.305103711421035,-2.3347445499599253,0.06564571171956435,0.19897107431373848,-1,1,0,0,0,0,0,0,0,0,0,0
0,6,prr0teSt_intEnd,2.3404956186598422,2.364477505690651,2.8080056103087427,2.5256636433822077,-3.4684276477082623,-0.593688237875938,0.08152605507927713,1.8446848844069244,1.7213280638475295,-0.9817013864021145,-1,1,0,0,0,0,0,0,0,0,0,0
0,6,bLAND_bLACk,-1.5830918890979446,-1.3927632232072937,2.06051032746705,-3.8679597681492632,-1.6315539546246804,0.9034578659493224,-0.6952518298980552,-0.8117754631840041,1.6316763940834322,0.6171982688836185,1,-1,0,0,0,0,0,0,0,0,0,0
0,6,TAMe_ClASSY,1.9760335683243049,-3.621532254145694,1.3148334861234474,-3.2651447303926737,-0.2203719006684597,-0.8965860147899433,-0.1607251628899509,0.8251004986119508,0.7234487953757103,-1.8751100507848733,1,-1,0,0,0,0,0,0,0,0,0,0
0,6,crowd_eat,3.464425780622782,-2.1814762076083105,2.970637458126883,0.21128554122673138,1.9380351258950224,0.8702578372919586,-0.48947659864486637,0.16624780557133004,1.1253352477739813,-0.3890157269085946,1,-1,0,0,0,0,0,0,0,0,0,0
0,6,afford_gutter,2.691381996844477,1.9946872923253656,0.2634832920905441,2.070941682962465,0.6824109660595299,-1.5051150829455107,2.7589089920962158,-1.6177762493578653,0.8175601287402227,0.2968351368952756,-1,1,0,0,0,0,0,0,0,0,0,0
0,6,cEmetErry_plAin,4.73014314751304,-2.8240983225069574,0.2730627385275119,-1.4778985177882085,1.5008391132008212,0.34090419330486854,1.3522345224599222,1.3548192922379858,1.8629009613988576,0.8199231482647839,1,-1,0,0,0,0,0,0,0,0,0,0
0,6,QueUe_dApPer,0.6288818382488954,5.19453479009911,1.9972514014430427,0.40050487836843274,1.4912289270615944,0.2904290039789499,1.1395396402203801,2.435187411149267,-0.7655027310952911,2.1937186213765436,-1,1,0,0,0,0,0,0,0,0,0,0
0,6,serve_battlefield,-1.597851719179132,-0.10553317170454009,1.7098715048083106,-2.061998926704165,-1.4543568808199128,2.574084928842054,2.3308105219538624,-0.7898159592182301,-2.8056744277028933,-1.543895776573618,1,-1,0,0,0,0,0,0,0,0,0,0
0,6,bOunDaRY_sTRanGer,0.6890692077578117,1.0572570667314622,-0.6981963330879731,-1.8228796380538015,1.0494131094902683,0.667241570540765,4.337373161152913,-1.7383153997778693,-1.0291873827831726,0.9740424302036611,-1,1,0,0,0,0,0,0,0,0,0,0
0,6,REqUEst_ReCoGNise,-0.41085173404063613,4.122367840870528,1.3318543275160657,-0.892858180957314,1.040821588789482,-0.9247061393751365,-1.1650361415401207,2.0806358304824233,-2.2273578189082266,1.1272632344365958,-1,1,0,0,0,0,0,0,0,0,0,0
0,7,beach_fur,0.272481400011892,-0.6791003912959912,3.821021329272513,-1.5851728996264127,0.21197871743205401,2.1142275690814514,-1.3210146855223628,-0.8969150465417786,-0.21754261827884097,1.5828092925659627,1,-1,0,0,0,0,0,0,0,0,0,0
0,7,crowd_eat,3.464425780622782,-2.1814762076083105,2.970637458126883,0.21128554122673138,1.9380351258950224,0.8702578372919586,-0.48947659864486637,0.16624780557133004,1.1253352477739813,-0.3890157269085946,1,-1,0,0,0,0,0,0,0,0,0,0
0,7,GiraFFe_nEck,1.2469411359400735,3.8921262091647018,-0.18739697773109068,-0.8740265465228338,1.5127479716120593,0.6069902130842513,0.12495299159146978,0.5523350257852231,-2.1818865146948077,0.15204071797879432,-1,1,0,0,0,0,0,0,0,0,0,0
0,7,feature_dog,-0.7897691916334084,2.0291583046152333,0.18050709819193297,-2.564609409206176,-0.5775191422946853,-0.027777156794837055,-2.305103711421035,-2.3347445499599253,0.06564571171956435,0.19897107431373848,-1,1,0,0,0,0,0,0,0,0,0,0
0,7,nose_mArrvELouS,0.025296988568845685,-2.252334868574461,4.4914707411631,-0.8979430140466258,2.6387375589785345,-0.3869836909533477,-0.5963575937214981,-0.18352197027109135,1.7109446828296109,1.6428648856231078,1,-1,0,0,0,0,0,0,0,0,0,0
0,7,TAMe_ClASSY,1.9760335683243049,-3.621532254145694,1.3148334861234474,-3.2651447303926737,-0.2203719006684597,-0.8965860147899433,-0.1607251628899509,0.8251004986119508,0.7234487953757103,-1.8751100507848733,1,-1,0,0,0,0,0,0,0,0,0,0
0,7,afford_gutter,2.691381996844477,1.9946872923253656,0.2634832920905441,2.070941682962465,0.6824109660595299,-1.5051150829455107,2.7589089920962158,-1.6177762493578653,0.8175601287402227,0.2968351368952756,-1,1,0,0,0,0,0,0,0,0,0,0
0,7,bOunDaRY_sTRanGer,0.6890692077578117,1.0572570667314622,-0.6981963330879731,-1.8228796380538015,1.0494131094902683,0.667241570540765,4.337373161152913,-1.7383153997778693,-1.0291873827831726,0.9740424302036611,-1,1,0,0,0,0,0,0,0,0,0,0
0,7,destruction_conscience,-0.9396774713516994,0.4970195211794145,3.6263102487765506,-3.096269563829302,-0.8389284727617555,0.08291160926638765,0.775301736184001,-2.002456393287666,-1.7698017968075603,-2.4956154084355684,1,-1,0,0,0,0,0,0,0,0,0,0
0,7,bLAND_bLACk,-1.5830918890979446,-1.3927632232072937,2.06051032746705,-3.8679597681492632,-1.6315539546246804,0.9034578659493224,-0.6952518298980552,-0.8117754631840041,1.6316763940834322,0.6171982688836185,1,-1,0,0,0,0,0,0,0,0,0,0
0,7,REqUEst_ReCoGNise,-0.41085173404063613,4.122367840870528,1.3318543275160657,-0.892858180957314,1.040821588789482,-0.9247061393751365,-1.1650361415401207,2.0806358304824233,-2.2273578189082266,1.1272632344365958,-1,1,0,0,0,0,0,0,0,0,0,0
0,7,QueUe_dApPer,0.6288818382488954,5.19453479009911,1.9972514014430427,0.40050487836843274,1.4912289270615944,0.2904290039789499,1.1395396402203801,2.435187411149267,-0.7655027310952911,2.1937186213765436,-1,1,0,0,0,0,0,0,0,0,0,0
0,7,serve_battlefield,-1.597851719179132,-0.10553317170454009,1.7098715048083106,-2.061998926704165,-1.4543568808199128,2.574084928842054,2.3308105219538624,-0.7898159592182301,-2.8056744277028933,-1.543895776573618,1,-1,0,0,0,0,0,0,0,0,0,0
0,7,friend_Koran,1.459627760316339,0.4040702803717912,2.824342539607606,2.1917863236891364,-0.08893073609572955,3.1947726644777443,-0.44791077034918697,-0.10361423163733856,-0.9501060647468651,1.46780148456177,1,-1,0,0,0,0,0,0,0,0,0,0
0,7,structure_mention,1.640413028021804,3.7513317872997787,0.505484998163238,-1.1958987325059909,-1.2027416241769118,-2.0312050578888723,-0.3649212724253494,0.7746111786074922,-1.2961975069934264,-0.5212807139436377,-1,1,0,0,0,0,0,0,0,0,0,0
0,7,prr0teSt_intEnd,2.3404956186598422,2.364477505690651,2.8080056103087427,2.5256636433822077,-3.4684276477082623,-0.593688237875938,0.08152605507927713,1.8446848844069244,1.7213280638475295,-0.9817013864021145,-1,1,0,0,0,0,0,0,0,0,0,0
0,7,cEmetErry_plAin,4.73014314751304,-2.8240983225069574,0.2730627385275119,-1.4778985177882085,1.5008391132008212,0.34090419330486854,1.3522345224599222,1.3548192922379858,1.8629009613988576,0.8199231482647839,1,-1,0,0,0,0,0,0,0,0,0,0
0,7,NIce_bOUnCY,0.7828446779575062,3.511250699827277,-1.5394361587923129,-1.1193435240879257,-1.6300907723247842,-0.9156920361189275,-1.6523661694821152,-2.4586663928904033,-0.19700991891396746,1.692840555275658,-1,1,0,0,0,0,0,0,0,0,0,0
0,8,prr0teSt_intEnd,2.3404956186598422,2.364477505690651,2.8080056103087427,2.5256636433822077,-3.4684276477082623,-0.593688237875938,0.08152605507927713,1.8446848844069244,1.7213280638475295,-0.9817013864021145,-1,1,0,0,0,0,0,0,0,0,0,0
0,8,QueUe_dApPer,0.6288818382488954,5.19453479009911,1.9972514014430427,0.40050487836843274,1.4912289270615944,0.2904290039789499,1.1395396402203801,2.435187411149267,-0.7655027310952911,2.1937186213765436,-1,1,0,0,0,0,0,0,0,0,0,0
0,8,NIce_bOUnCY,0.7828446779575062,3.511250699827277,-1.5394361587923129,-1.1193435240879257,-1.6300907723247842,-0.9156920361189275,-1.6523661694821152,-2.4586663928904033,-0.19700991891396746,1.692840555275658,-1,1,0,0,0,0,0,0,0,0,0,0
0,8,friend_Koran,1.459627760316339,0.4040702803717912,2.824342539607606,2.1917863236891364,-0.08893073609572955,3.1947726644777443,-0.44791077034918697,-0.10361423163733856,-0.9501060647468651,1.46780148456177,1,-1,0,0,0,0,0,0,0,0,0,0
0,8,cEmetErry_plAin,4.73014314751304,-2.8240983225069574,0.2730627385275119,-1.4778985177882085,1.5008391132008212,0.34090419330486854,1.3522345224599222,1.3548192922379858,1.8629009613988576,0.8199231482647839,1,-1,0,0,0,0,0,0,0,0,0,0
0,8,structure_mention,1.640413028021804,3.7513317872997787,0.505484998163238,-1.1958987325059909,-1.2027416241769118,-2.0312050578888723,-0.3649212724253494,0.7746111786074922,-1.2961975069934264,-0.5212807139436377,-1,1,0,0,0,0,0,0,0,0,0,0
0,8,REqUEst_ReCoGNise,-0.41085173404063613,4.122367840870528,1.3318543275160657,-0.892858180957314,1.040821588789482,-0.9247061393751365,-1.1650361415401207,2.0806358304824233,-2.2273578189082266,1.1272632344365958,-1,1,0,0,0,0,0,0,0,0,0,0
0,8,nose_mArrvELouS,0.025296988568845685,-2.252334868574461,4.4914707411631,-0.8979430140466258,2.6387375589785345,-0.3869836909533477,-0.5963575937214981,-0.18352197027109135,1.7109446828296109,1.6428648856231078,1,-1,0,0,0,0,0,0,0,0,0,0
0,8,bOunDaRY_sTRanGer,0.6890692077578117,1.0572570667314622,-0.6981963330879731,-1.8228796380538015,1.0494131094902683,0.667241570540765,4.337373161152913,-1.7383153997778693,-1.0291873827831726,0.9740424302036611,-1,1,0,0,0,0,0,0,0,0,0,0
0,8,serve_battlefield,-1.597851719179132,-0.10553317170454009,1.7098715048083106,-2.061998926704165,-1.4543568808199128,2.574084928842054,2.3308105219538624,-0.7898159592182301,-2.8056744277028933,-1.543895776573618,1,-1,0,0,0,0,0,0,0,0,0,0
0,8,GiraFFe_nEck,1.2469411359400735,3.8921262091647018,-0.18739697773109068,-0.8740265465228338,1.5127479716120593,0.6069902130842513,0.12495299159146978,0.5523350257852231,-2.1818865146948077,0.15204071797879432,-1,1,0,0,0,0,0,0,0,0,0,0
0,8,TAMe_ClASSY,1.9760335683243049,-3.621532254145694,1.3148334861234474,-3.2651447303926737,-0.2203719006684597,-0.8965860147899433,-0.1607251628899509,0.8251004986119508,0.7234487953757103,-1.8751100507848733,1,-1,0,0,0,0,0,0,0,0,0,0
0,8,feature_dog,-0.7897691916334084,2.0291583046152333,0.18050709819193297,-2.564609409206176,-0.5775191422946853,-0.027777156794837055,-2.305103711421035,-2.3347445499599253,0.06564571171956435,0.19897107431373848,-1,1,0,0,0,0,0,0,0,0,0,0
0,8,beach_fur,0.272481400011892,-0.6791003912959912,3.821021329272513,-1.5851728996264127,0.21197871743205401,2.1142275690814514,-1.3210146855223628,-0.8969150465417786,-0.21754261827884097,1.5828092925659627,1,-1,0,0,0,0,0,0,0,0,0,0
0,8,crowd_eat,3.464425780622782,-2.1814762076083105,2.970637458126883,0.21128554122673138,1.9380351258950224,0.8702578372919586,-0.48947659864486637,0.16624780557133004,1.1253352477739813,-0.3890157269085946,1,-1,0,0,0,0,0,0,0,0,0,0
0,8,bLAND_bLACk,-1.5830918890979446,-1.3927632232072937,2.06051032746705,-3.8679597681492632,-1.6315539546246804,0.9034578659493224,-0.6952518298980552,-0.8117754631840041,1.6316763940834322,0.6171982688836185,1,-1,0,0,0,0,0,0,0,0,0,0
0,8,afford_gutter,2.691381996844477,1.9946872923253656,0.2634832920905441,2.070941682962465,0.6824109660595299,-1.5051150829455107,2.7589089920962158,-1.6177762493578653,0.8175601287402227,0.2968351368952756,-1,1,0,0,0,0,0,0,0,0,0,0
0,8,destruction_conscience,-0.9396774713516994,0.4970195211794145,3.6263102487765506,-3.096269563829302,-0.8389284727617555,0.08291160926638765,0.775301736184001,-2.002456393287666,-1.7698017968075603,-2.4956154084355684,1,-1,0,0,0,0,0,0,0,0,0,0
0,9,GiraFFe_nEck,1.2469411359400735,3.8921262091647018,-0.18739697773109068,-0.8740265465228338,1.5127479716120593,0.6069902130842513,0.12495299159146978,0.5523350257852231,-2.1818865146948077,0.15204071797879432,-1,1,0,0,0,0,0,0,0,0,0,0
0,9,serve_battlefield,-1.597851719179132,-0.10553317170454009,1.7098715048083106,-2.061998926704165,-1.4543568808199128,2.574084928842054,2.3308105219538624,-0.7898159592182301,-2.8056744277028933,-1.543895776573618,1,-1,0,0,0,0,0,0,0,0,0,0
0,9,REqUEst_ReCoGNise,-0.41085173404063613,4.122367840870528,1.3318543275160657,-0.892858180957314,1.040821588789482,-0.9247061393751365,-1.1650361415401207,2.0806358304824233,-2.2273578189082266,1.1272632344365958,-1,1,0,0,0,0,0,0,0,0,0,0
0,9,bOunDaRY_sTRanGer,0.6890692077578117,1.0572570667314622,-0.6981963330879731,-1.8228796380538015,1.0494131094902683,0.667241570540765,4.337373161152913,-1.7383153997778693,-1.0291873827831726,0.9740424302036611,-1,1,0,0,0,0,0,0,0,0,0,0
0,9,beach_fur,0.272481400011892,-0.6791003912959912,3.821021329272513,-1.5851728996264127,0.21197871743205401,2.1142275690814514,-1.3210146855223628,-0.8969150465417786,-0.21754261827884097,1.5828092925659627,1,-1,0,0,0,0,0,0,0,0,0,0
0,9,destruction_conscience,-0.9396774713516994,0.4970195211794145,3.6263102487765506,-3.096269563829302,-0.8389284727617555,0.08291160926638765,0.775301736184001,-2.002456393287666,-1.7698017968075603,-2.4956154084355684,1,-1,0,0,0,0,0,0,0,0,0,0
0,9,NIce_bOUnCY,0.7828446779575062,3.511250699827277,-1.5394361587923129,-1.1193435240879257,-1.6300907723247842,-0.9156920361189275,-1.6523661694821152,-2.4586663928904033,-0.19700991891396746,1.692840555275658,-1,1,0,0,0,0,0,0,0,0,0,0
0,9,friend_Koran,1.459627760316339,0.4040702803717912,2.824342539607606,2.1917863236891364,-0.08893073609572955,3.1947726644777443,-0.44791077034918697,-0.10361423163733856,-0.9501060647468651,1.46780148456177,1,-1,0,0,0,0,0,0,0,0,0,0
0,9,TAMe_ClASSY,1.9760335683243049,-3.621532254145694,1.3148334861234474,-3.2651447303926737,-0.2203719006684597,-0.8965860147899433,-0.1607251628899509,0.8251004986119508,0.7234487953757103,-1.8751100507848733,1,-1,0,0,0,0,0,0,0,0,0,0
0,9,cEmetErry_plAin,4.73014314751304,-2.8240983225069574,0.2730627385275119,-1.4778985177882085,1.5008391132008212,0.34090419330486854,1.3522345224599222,1.3548192922379858,1.8629009613988576,0.8199231482647839,1,-1,0,0,0,0,0,0,0,0,0,0
0,9,bLAND_bLACk,-1.5830918890979446,-1.3927632232072937,2.06051032746705,-3.8679597681492632,-1.6315539546246804,0.9034578659493224,-0.6952518298980552,-0.8117754631840041,1.6316763940834322,0.6171982688836185,1,-1,0,0,0,0,0,0,0,0,0,0
0,9,prr0teSt_intEnd,2.3404956186598422,2.364477505690651,2.8080056103087427,2.5256636433822077,-3.4684276477082623,-0.593688237875938,0.08152605507927713,1.8446848844069244,1.7213280638475295,-0.9817013864021145,-1,1,0,0,0,0,0,0,0,0,0,0
0,9,nose_mArrvELouS,0.025296988568845685,-2.252334868574461,4.4914707411631,-0.8979430140466258,2.6387375589785345,-0.3869836909533477,-0.5963575937214981,-0.18352197027109135,1.7109446828296109,1.6428648856231078,1,-1,0,0,0,0,0,0,0,0,0,0
0,9,afford_gutter,2.691381996844477,1.9946872923253656,0.2634832920905441,2.070941682962465,0.6824109660595299,-1.5051150829455107,2.7589089920962158,-1.6177762493578653,0.8175601287402227,0.2968351368952756,-1,1,0,0,0,0,0,0,0,0,0,0
0,9,QueUe_dApPer,0.6288818382488954,5.19453479009911,1.9972514014430427,0.40050487836843274,1.4912289270615944,0.2904290039789499,1.1395396402203801,2.435187411149267,-0.7655027310952911,2.1937186213765436,-1,1,0,0,0,0,0,0,0,0,0,0
0,9,crowd_eat,3.464425780622782,-2.1814762076083105,2.970637458126883,0.21128554122673138,1.9380351258950224,0.8702578372919586,-0.48947659864486637,0.16624780557133004,1.1253352477739813,-0.3890157269085946,1,-1,0,0,0,0,0,0,0,0,0,0
0,9,structure_mention,1.640413028021804,3.7513317872997787,0.505484998163238,-1.1958987325059909,-1.2027416241769118,-2.0312050578888723,-0.3649212724253494,0.7746111786074922,-1.2961975069934264,-0.5212807139436377,-1,1,0,0,0,0,0,0,0,0,0,0
0,9,feature_dog,-0.7897691916334084,2.0291583046152333,0.18050709819193297,-2.564609409206176,-0.5775191422946853,-0.027777156794837055,-2.305103711421035,-2.3347445499599253,0.06564571171956435,0.19897107431373848,-1,1,0,0,0,0,0,0,0,0,0,0
0,10,destruction_conscience,-0.9396774713516994,0.4970195211794145,3.6263102487765506,-3.096269563829302,-0.8389284727617555,0.08291160926638765,0.775301736184001,-2.002456393287666,-1.7698017968075603,-2.4956154084355684,1,-1,0,0,0,0,0,0,0,0,0,0
0,10,prr0teSt_intEnd,2.3404956186598422,2.364477505690651,2.8080056103087427,2.5256636433822077,-3.4684276477082623,-0.593688237875938,0.08152605507927713,1.8446848844069244,1.7213280638475295,-0.9817013864021145,-1,1,0,0,0,0,0,0,0,0,0,0
0,10,friend_Koran,1.459627760316339,0.4040702803717912,2.824342539607606,2.1917863236891364,-0.08893073609572955,3.1947726644777443,-0.44791077034918697,-0.10361423163733856,-0.9501060647468651,1.46780148456177,1,-1,0,0,0,0,0,0,0,0,0,0
0,10,cEmetErry_plAin,4.73014314751304,-2.8240983225069574,0.2730627385275119,-1.4778985177882085,1.5008391132008212,0.34090419330486854,1.3522345224599222,1.3548192922379858,1.8629009613988576,0.8199231482647839,1,-1,0,0,0,0,0,0,0,0,0,0
0,10,NIce_bOUnCY,0.7828446779575062,3.511250699827277,-1.5394361587923129,-1.1193435240879257,-1.6300907723247842,-0.9156920361189275,-1.6523661694821152,-2.4586663928904033,-0.19700991891396746,1.692840555275658,-1,1,0,0,0,0,0,0,0,0,0,0
0,10,bLAND_bLACk,-1.5830918890979446,-1.3927632232072937,2.06051032746705,-3.8679597681492632,-1.6315539546246804,0.9034578659493224,-0.6952518298980552,-0.8117754631840041,1.6316763940834322,0.6171982688836185,1,-1,0,0,0,0,0,0,0,0,0,0
0,10,QueUe_dApPer,0.6288818382488954,5.19453479009911,1.9972514014430427,0.40050487836843274,1.4912289270615944,0.2904290039789499,1.1395396402203801,2.435187411149267,-0.7655027310952911,2.1937186213765436,-1,1,0,0,0,0,0,0,0,0,0,0
0,10,serve_battlefield,-1.597851719179132,-0.10553317170454009,1.7098715048083106,-2.061998926704165,-1.4543568808199128,2.574084928842054,2.3308105219538624,-0.7898159592182301,-2.8056744277028933,-1.543895776573618,1,-1,0,0,0,0,0,0,0,0,0,0
0,10,feature_dog,-0.7897691916334084,2.0291583046152333,0.18050709819193297,-2.564609409206176,-0.5775191422946853,-0.027777156794837055,-2.305103711421035,-2.3347445499599253,0.06564571171956435,0.19897107431373848,-1,1,0,0,0,0,0,0,0,0,0,0
0,10,REqUEst_ReCoGNise,-0.41085173404063613,4.122367840870528,1.3318543275160657,-0.892858180957314,1.040821588789482,-0.9247061393751365,-1.1650361415401207,2.0806358304824233,-2.2273578189082266,1.1272632344365958,-1,1,0,0,0,0,0,0,0,0,0,0
0,10,TAMe_ClASSY,1.9760335683243049,-3.621532254145694,1.3148334861234474,-3.2651447303926737,-0.2203719006684597,-0.8965860147899433,-0.1607251628899509,0.8251004986119508,0.7234487953757103,-1.8751100507848733,1,-1,0,0,0,0,0,0,0,0,0,0
0,10,structure_mention,1.640413028021804,3.7513317872997787,0.505484998163238,-1.1958987325059909,-1.2027416241769118,-2.0312050578888723,-0.3649212724253494,0.7746111786074922,-1.2961975069934264,-0.5212807139436377,-1,1,0,0,0,0,0,0,0,0,0,0
0,10,bOunDaRY_sTRanGer,0.6890692077578117,1.0572570667314622,-0.6981963330879731,-1.8228796380538015,1.0494131094902683,0.667241570540765,4.337373161152913,-1.7383153997778693,-1.0291873827831726,0.9740424302036611,-1,1,0,0,0,0,0,0,0,0,0,0
0,10,GiraFFe_nEck,1.2469411359400735,3.8921262091647018,-0.18739697773109068,-0.8740265465228338,1.5127479716120593,0.6069902130842513,0.12495299159146978,0.5523350257852231,-2.1818865146948077,0.15204071797879432,-1,1,0,0,0,0,0,0,0,0,0,0
0,10,crowd_eat,3.464425780622782,-2.1814762076083105,2.970637458126883,0.21128554122673138,1.9380351258950224,0.8702578372919586,-0.48947659864486637,0.16624780557133004,1.1253352477739813,-0.3890157269085946,1,-1,0,0,0,0,0,0,0,0,0,0
0,10,nose_mArrvELouS,0.025296988568845685,-2.252334868574461,4.4914707411631,-0.8979430140466258,2.6387375589785345,-0.3869836909533477,-0.5963575937214981,-0.18352197027109135,1.7109446828296109,1.6428648856231078,1,-1,0,0,0,0,0,0,0,0,0,0
0,10,afford_gutter,2.691381996844477,1.9946872923253656,0.2634832920905441,2.070941682962465,0.6824109660595299,-1.5051150829455107,2.7589089920962158,-1.6177762493578653,0.8175601287402227,0.2968351368952756,-1,1,0,0,0,0,0,0,0,0,0,0
0,10,beach_fur,0.272481400011892,-0.6791003912959912,3.821021329272513,-1.5851728996264127,0.21197871743205401,2.1142275690814514,-1.3210146855223628,-0.8969150465417786,-0.21754261827884097,1.5828092925659627,1,-1,0,0,0,0,0,0,0,0,0,0
0,11,NIce_bOUnCY,0.7828446779575062,3.511250699827277,-1.5394361587923129,-1.1193435240879257,-1.6300907723247842,-0.9156920361189275,-1.6523661694821152,-2.4586663928904033,-0.19700991891396746,1.692840555275658,-1,1,0,0,0,0,0,0,0,0,0,0
0,11,prr0teSt_intEnd,2.3404956186598422,2.364477505690651,2.8080056103087427,2.5256636433822077,-3.4684276477082623,-0.593688237875938,0.08152605507927713,1.8446848844069244,1.7213280638475295,-0.9817013864021145,-1,1,0,0,0,0,0,0,0,0,0,0
0,11,structure_mention,1.640413028021804,3.7513317872997787,0.505484998163238,-1.1958987325059909,-1.2027416241769118,-2.0312050578888723,-0.3649212724253494,0.7746111786074922,-1.2961975069934264,-0.5212807139436377,-1,1,0,0,0,0,0,0,0,0,0,0
0,11,TAMe_ClASSY,1.9760335683243049,-3.621532254145694,1.3148334861234474,-3.2651447303926737,-0.2203719006684597,-0.8965860147899433,-0.1607251628899509,0.8251004986119508,0.7234487953757103,-1.8751100507848733,1,-1,0,0,0,0,0,0,0,0,0,0
0,11,bOunDaRY_sTRanGer,0.6890692077578117,1.0572570667314622,-0.6981963330879731,-1.8228796380538015,1.0494131094902683,0.667241570540765,4.337373161152913,-1.7383153997778693,-1.0291873827831726,0.9740424302036611,-1,1,0,0,0,0,0,0,0,0,0,0
0,11,cEmetErry_plAin,4.73014314751304,-2.8240983225069574,0.2730627385275119,-1.4778985177882085,1.5008391132008212,0.34090419330486854,1.3522345224599222,1.3548192922379858,1.8629009613988576,0.8199231482647839,1,-1,0,0,0,0,0,0,0,0,0,0
0,11,QueUe_dApPer,0.6288818382488954,5.19453479009911,1.9972514014430427,0.40050487836843274,1.4912289270615944,0.2904290039789499,1.1395396402203801,2.435187411149267,-0.7655027310952911,2.1937186213765436,-1,1,0,0,0,0,0,0,0,0,0,0
0,11,serve_battlefield,-1.597851719179132,-0.10553317170454009,1.7098715048083106,-2.061998926704165,-1.4543568808199128,2.574084928842054,2.3308105219538624,-0.7898159592182301,-2.8056744277028933,-1.543895776573618,1,-1,0,0,0,0,0,0,0,0,0,0
0,11,beach_fur,0.272481400011892,-0.6791003912959912,3.821021329272513,-1.5851728996264127,0.21197871743205401,2.1142275690814514,-1.3210146855223628,-0.8969150465417786,-0.21754261827884097,1.5828092925659627,1,-1,0,0,0,0,0,0,0,0,0,0
0,11,crowd_eat,3.464425780622782,-2.1814762076083105,2.970637458126883,0.21128554122673138,1.9380351258950224,0.8702578372919586,-0.48947659864486637,0.16624780557133004,1.1253352477739813,-0.3890157269085946,1,-1,0,0,0,0,0,0,0,0,0,0
0,11,friend_Koran,1.459627760316339,0.4040702803717912,2.824342539607606,2.1917863236891364,-0.08893073609572955,3.1947726644777443,-0.44791077034918697,-0.10361423163733856,-0.9501060647468651,1.46780148456177,1,-1,0,0,0,0,0,0,0,0,0,0
0,11,nose_mArrvELouS,0.025296988568845685,-2.252334868574461,4.4914707411631,-0.8979430140466258,2.6387375589785345,-0.3869836909533477,-0.5963575937214981,-0.18352197027109135,1.7109446828296109,1.6428648856231078,1,-1,0,0,0,0,0,0,0,0,0,0
0,11,GiraFFe_nEck,1.2469411359400735,3.8921262091647018,-0.18739697773109068,-0.8740265465228338,1.5127479716120593,0.6069902130842513,0.12495299159146978,0.5523350257852231,-2.1818865146948077,0.15204071797879432,-1,1,0,0,0,0,0,0,0,0,0,0
0,11,destruction_conscience,-0.9396774713516994,0.4970195211794145,3.6263102487765506,-3.096269563829302,-0.8389284727617555,0.08291160926638765,0.775301736184001,-2.002456393287666,-1.7698017968075603,-2.4956154084355684,1,-1,0,0,0,0,0,0,0,0,0,0
0,11,bLAND_bLACk,-1.5830918890979446,-1.3927632232072937,2.06051032746705,-3.8679597681492632,-1.6315539546246804,0.9034578659493224,-0.6952518298980552,-0.8117754631840041,1.6316763940834322,0.6171982688836185,1,-1,0,0,0,0,0,0,0,0,0,0
0,11,REqUEst_ReCoGNise,-0.41085173404063613,4.122367840870528,1.3318543275160657,-0.892858180957314,1.040821588789482,-0.9247061393751365,-1.1650361415401207,2.0806358304824233,-2.2273578189082266,1.1272632344365958,-1,1,0,0,0,0,0,0,0,0,0,0
0,11,feature_dog,-0.7897691916334084,2.0291583046152333,0.18050709819193297,-2.564609409206176,-0.5775191422946853,-0.027777156794837055,-2.305103711421035,-2.3347445499599253,0.06564571171956435,0.19897107431373848,-1,1,0,0,0,0,0,0,0,0,0,0
0,11,afford_gutter,2.691381996844477,1.9946872923253656,0.2634832920905441,2.070941682962465,0.6824109660595299,-1.5051150829455107,2.7589089920962158,-1.6177762493578653,0.8175601287402227,0.2968351368952756,-1,1,0,0,0,0,0,0,0,0,0,0
0,12,NIce_bOUnCY,0.7828446779575062,3.511250699827277,-1.5394361587923129,-1.1193435240879257,-1.6300907723247842,-0.9156920361189275,-1.6523661694821152,-2.4586663928904033,-0.19700991891396746,1.692840555275658,-1,1,0,0,0,0,0,0,0,0,0,0
0,12,structure_mention,1.640413028021804,3.7513317872997787,0.505484998163238,-1.1958987325059909,-1.2027416241769118,-2.0312050578888723,-0.3649212724253494,0.7746111786074922,-1.2961975069934264,-0.5212807139436377,-1,1,0,0,0,0,0,0,0,0,0,0
0,12,crowd_eat,3.464425780622782,-2.1814762076083105,2.970637458126883,0.21128554122673138,1.9380351258950224,0.8702578372919586,-0.48947659864486637,0.16624780557133004,1.1253352477739813,-0.3890157269085946,1,-1,0,0,0,0,0,0,0,0,0,0
0,12,nose_mArrvELouS,0.025296988568845685,-2.252334868574461,4.4914707411631,-0.8979430140466258,2.6387375589785345,-0.3869836909533477,-0.5963575937214981,-0.18352197027109135,1.7109446828296109,1.6428648856231078,1,-1,0,0,0,0,0,0,0,0,0,0
0,12,destruction_conscience,-0.9396774713516994,0.4970195211794145,3.6263102487765506,-3.096269563829302,-0.8389284727617555,0.08291160926638765,0.775301736184001,-2.002456393287666,-1.7698017968075603,-2.4956154084355684,1,-1,0,0,0,0,0,0,0,0,0,0
0,12,TAMe_ClASSY,1.9760335683243049,-3.621532254145694,1.3148334861234474,-3.2651447303926737,-0.2203719006684597,-0.8965860147899433,-0.1607251628899509,0.8251004986119508,0.7234487953757103,-1.8751100507848733,1,-1,0,0,0,0,0,0,0,0,0,0
0,12,QueUe_dApPer,0.6288818382488954,5.19453479009911,1.9972514014430427,0.40050487836843274,1.4912289270615944,0.2904290039789499,1.1395396402203801,2.435187411149267,-0.7655027310952911,2.1937186213765436,-1,1,0,0,0,0,0,0,0,0,0,0
0,12,feature_dog,-0.7897691916334084,2.0291583046152333,0.18050709819193297,-2.564609409206176,-0.5775191422946853,-0.027777156794837055,-2.305103711421035,-2.3347445499599253,0.06564571171956435,0.19897107431373848,-1,1,0,0,0,0,0,0,0,0,0,0
0,12,bLAND_bLACk,-1.5830918890979446,-1.3927632232072937,2.06051032746705,-3.8679597681492632,-1.6315539546246804,0.9034578659493224,-0.6952518298980552,-0.8117754631840041,1.6316763940834322,0.6171982688836185,1,-1,0,0,0,0,0,0,0,0,0,0
0,12,afford_gutter,2.691381996844477,1.9946872923253656,0.2634832920905441,2.070941682962465,0.6824109660595299,-1.5051150829455107,2.7589089920962158,-1.6177762493578653,0.8175601287402227,0.2968351368952756,-1,1,0,0,0,0,0,0,0,0,0,0
0,12,beach_fur,0.272481400011892,-0.6791003912959912,3.821021329272513,-1.5851728996264127,0.21197871743205401,2.1142275690814514,-1.3210146855223628,-0.8969150465417786,-0.21754261827884097,1.5828092925659627,1,-1,0,0,0,0,0,0,0,0,0,0
0,12,prr0teSt_intEnd,2.3404956186598422,2.364477505690651,2.8080056103087427,2.5256636433822077,-3.4684276477082623,-0.593688237875938,0.08152605507927713,1.8446848844069244,1.7213280638475295,-0.9817013864021145,-1,1,0,0,0,0,0,0,0,0,0,0
0,12,serve_battlefield,-1.597851719179132,-0.10553317170454009,1.7098715048083106,-2.061998926704165,-1.4543568808199128,2.574084928842054,2.3308105219538624,-0.7898159592182301,-2.8056744277028933,-1.543895776573618,1,-1,0,0,0,0,0,0,0,0,0,0
0,12,cEmetErry_plAin,4.73014314751304,-2.8240983225069574,0.2730627385275119,-1.4778985177882085,1.5008391132008212,0.34090419330486854,1.3522345224599222,1.3548192922379858,1.8629009613988576,0.8199231482647839,1,-1,0,0,0,0,0,0,0,0,0,0
0,12,bOunDaRY_sTRanGer,0.6890692077578117,1.0572570667314622,-0.6981963330879731,-1.8228796380538015,1.0494131094902683,0.667241570540765,4.337373161152913,-1.7383153997778693,-1.0291873827831726,0.9740424302036611,-1,1,0,0,0,0,0,0,0,0,0,0
0,12,REqUEst_ReCoGNise,-0.41085173404063613,4.122367840870528,1.3318543275160657,-0.892858180957314,1.040821588789482,-0.9247061393751365,-1.1650361415401207,2.0806358304824233,-2.2273578189082266,1.1272632344365958,-1,1,0,0,0,0,0,0,0,0,0,0
0,12,friend_Koran,1.459627760316339,0.4040702803717912,2.824342539607606,2.1917863236891364,-0.08893073609572955,3.1947726644777443,-0.44791077034918697,-0.10361423163733856,-0.9501060647468651,1.46780148456177,1,-1,0,0,0,0,0,0,0,0,0,0
0,12,GiraFFe_nEck,1.2469411359400735,3.8921262091647018,-0.18739697773109068,-0.8740265465228338,1.5127479716120593,0.6069902130842513,0.12495299159146978,0.5523350257852231,-2.1818865146948077,0.15204071797879432,-1,1,0,0,0,0,0,0,0,0,0,0
2,14,Clay_EnDlesS,-2.5567007333187926,-1.9462904232704379,2.542588840878808,4.218134231321709,0.6902190978540088,-0.18147930667753648,-3.1931072093035704,-1.0269738845313618,-2.1576128700831867,-1.9891082170641996,0,0,0,0,0,0,0,0,0,0,0,0
2,14,EaST_faMily,1.995105850184067,5.181904023566939,0.6738811121986849,0.4813690062181728,-0.8673989752988222,-2.1388711363165975,-1.4003599384595706,1.1129107826577889,1.644206964501316,-1.5000800905780611,0,0,0,0,0,0,0,0,0,0,0,0
2,14,GiraFFe_nEck,1.2469411359400735,3.8921262091647018,-0.18739697773109068,-0.8740265465228338,1.5127479716120593,0.6069902130842513,0.12495299159146978,0.5523350257852231,-2.1818865146948077,0.15204071797879432,0,0,0,0,0,0,0,0,0,0,0,0
2,14,GlOsSy_cEAsELEss,-2.092141298800868,0.32383633256545963,1.8544242480416384,0.7780836241805653,3.7904036341762217,-2.569059828774865,-1.287932934106387,-1.7096815678952868,0.7721311390906089,0.5454477263370696,0,0,0,0,0,0,0,0,0,0,0,0
2,14,NIce_bOUnCY,0.7828446779575062,3.511250699827277,-1.5394361587923129,-1.1193435240879257,-1.6300907723247842,-0.9156920361189275,-1.6523661694821152,-2.4586663928904033,-0.19700991891396746,1.692840555275658,0,0,0,0,0,0,0,0,0,0,0,0
2,14,PAinstAkINg_Thought,-0.15434636746623337,-1.3108033985012528,-2.234805645882868,1.6014002033665633,-3.1420011490629927,1.1154277673255937,-1.6433060368368058,-2.2184765313532795,-0.5527897688800946,2.578079415613763,0,0,0,0,0,0,0,0,0,0,0,0
2,14,PoiSOnouS_aBsUrdLy,-2.3713080854873465,2.4195073682333295,-2.6020602078018094,-0.06093466121336047,0.9723556429830198,0.39609402848888253,-0.7852037635248007,0.46917190470909265,3.5812654180496013,-1.6211440916754172,0,0,0,0,0,0,0,0,0,0,0,0
2,14,QueUe_dApPer,0.6288818382488954,5.19453479009911,1.9972514014430427,0.40050487836843274,1.4912289270615944,0.2904290039789499,1.1395396402203801,2.435187411149267,-0.7655027310952911,2.1937186213765436,0,0,0,0,0,0,0,0,0,0,0,0
2,14,REqUEst_ReCoGNise,-0.41085173404063613,4.122367840870528,1.3318543275160657,-0.892858180957314,1.040821588789482,-0.9247061393751365,-1.1650361415401207,2.0806358304824233,-2.2273578189082266,1.1272632344365958,0,0,0,0,0,0,0,0,0,0,0,0
2,14,StrrAngEr_Dress,-1.9378703547613325,-3.7841995987484776,-0.14286441236829645,-1.616444861013872,-1.6062030264646767,-3.1674850762055184,1.2620086664797965,2.2038342049423316,0.6645501011092539,0.21764333009632367,0,0,0,0,0,0,0,0,0,0,0,0
2,14,TAMe_ClASSY,1.9760335683243049,-3.621532254145694,1.3148334861234474,-3.2651447303926737,-0.2203719006684597,-0.8965860147899433,-0.1607251628899509,0.8251004986119508,0.7234487953757103,-1.8751100507848733,0,0,0,0,0,0,0,0,0,0,0,0
2,14,TRANSpoRt_orgANIC,5.352270435471689,-1.8592657472769931,-3.4374587272497044,0.038693415159531896,-0.08746603955348911,0.5925780006859972,0.24736078346775572,0.229392259063712,-1.7224540778902953,0.05976721698172728,0,0,0,0,0,0,0,0,0,0,0,0
2,14,abject_urge,-2.1879411787463194,-1.254867246265387,-1.0004813286185141,3.264879655511175,-1.9658137509964577,2.3984067961976754,-0.3087696053714422,0.34571761351997166,0.8010142433970052,-0.9153602257606128,0,0,0,0,0,0,0,0,0,0,0,0
2,14,afford_gutter,2.691381996844477,1.9946872923253656,0.2634832920905441,2.070941682962465,0.6824109660595299,-1.5051150829455107,2.7589089920962158,-1.6177762493578653,0.8175601287402227,0.2968351368952756,0,0,0,0,0,0,0,0,0,0,0,0
2,14,bLAND_bLACk,-1.5830918890979446,-1.3927632232072937,2.06051032746705,-3.8679597681492632,-1.6315539546246804,0.9034578659493224,-0.6952518298980552,-0.8117754631840041,1.6316763940834322,0.6171982688836185,0,0,0,0,0,0,0,0,0,0,0,0
2,14,bOunDaRY_sTRanGer,0.6890692077578117,1.0572570667314622,-0.6981963330879731,-1.8228796380538015,1.0494131094902683,0.667241570540765,4.337373161152913,-1.7383153997778693,-1.0291873827831726,0.9740424302036611,0,0,0,0,0,0,0,0,0,0,0,0
2,14,beach_fur,0.272481400011892,-0.6791003912959912,3.821021329272513,-1.5851728996264127,0.21197871743205401,2.1142275690814514,-1.3210146855223628,-0.8969150465417786,-0.21754261827884097,1.5828092925659627,0,0,0,0,0,0,0,0,0,0,0,0
2,14,boundary_head,-2.02102532795297,-0.8409596632994197,-2.448864479793802,0.7900749769481578,-1.0269980533400163,-2.960858340039971,-0.29337645758376474,-0.4033366977479248,-1.9957201894154395,0.5095441488391268,0,0,0,0,0,0,0,0,0,0,0,0
2,14,cEmetErry_plAin,4.73014314751304,-2.8240983225069574,0.2730627385275119,-1.4778985177882085,1.5008391132008212,0.34090419330486854,1.3522345224599222,1.3548192922379858,1.8629009613988576,0.8199231482647839,0,0,0,0,0,0,0,0,0,0,0,0
2,14,crowd_eat,3.464425780622782,-2.1814762076083105,2.970637458126883,0.21128554122673138,1.9380351258950224,0.8702578372919586,-0.48947659864486637,0.16624780557133004,1.1253352477739813,-0.3890157269085946,0,0,0,0,0,0,0,0,0,0,0,0
2,14,destruction_conscience,-0.9396774713516994,0.4970195211794145,3.6263102487765506,-3.096269563829302,-0.8389284727617555,0.08291160926638765,0.775301736184001,-2.002456393287666,-1.7698017968075603,-2.4956154084355684,0,0,0,0,0,0,0,0,0,0,0,0
2,14,fUTure_data,2.8771627366716817,1.9081417362245359,-0.3341845336236909,3.5126927936990167,-1.1644741099414466,-1.5137631614005096,0.12074150664578018,-2.88829420857332,2.020459007920133,-0.9426911349683784,0,0,0,0,0,0,0,0,0,0,0,0
2,14,feature_dog,-0.7897691916334084,2.0291583046152333,0.18050709819193297,-2.564609409206176,-0.5775191422946853,-0.027777156794837055,-2.305103711421035,-2.3347445499599253,0.06564571171956435,0.19897107431373848,0,0,0,0,0,0,0,0,0,0,0,0
2,14,fireCRaCker_bRIDgE,0.21956557414137381,3.0517483003435606,-0.6235761315070103,1.2044578190965498,2.232048733637365,0.997565112688679,3.3499882502592966,-1.5176242603720045,1.8922813210933507,0.08851370794369812,0,0,0,0,0,0,0,0,0,0,0,0
2,14,friend_Koran,1.459627760316339,0.4040702803717912,2.824342539607606,2.1917863236891364,-0.08893073609572955,3.1947726644777443,-0.44791077034918697,-0.10361423163733856,-0.9501060647468651,1.46780148456177,0,0,0,0,0,0,0,0,0,0,0,0
2,14,hard-to-find_brush,-2.243736958482643,-2.5625147545381046,1.5468966566669988,-1.491379238303746,-2.9190255844948054,-2.204271330695643,0.8727595959158433,-0.429054403034266,-0.767600802257182,-0.37641371542271884,0,0,0,0,0,0,0,0,0,0,0,0
2,14,lily_inappropriate,5.415760636667965,-2.393905920427234,-2.674601656899704,0.6425711156561053,-0.5553835828057722,-1.5121791972227174,-1.5219208338855201,-0.9133557914270786,-0.6827789759924805,-0.16680640846062822,0,0,0,0,0,0,0,0,0,0,0,0
2,14,nEed_mUg,-2.819304092418769,-1.906895176159822,-0.7759368749766388,3.3490742858097184,0.9195552444552386,0.8885085552460291,0.4614635170370205,-0.002667134514415461,-1.705452961888277,-0.8518507132656177,0,0,0,0,0,0,0,0,0,0,0,0
2,14,nose_mArrvELouS,0.025296988568845685,-2.252334868574461,4.4914707411631,-0.8979430140466258,2.6387375589785345,-0.3869836909533477,-0.5963575937214981,-0.18352197027109135,1.7109446828296109,1.6428648856231078,0,0,0,0,0,0,0,0,0,0,0,0
2,14,prr0teSt_intEnd,2.3404956186598422,2.364477505690651,2.8080056103087427,2.5256636433822077,-3.4684276477082623,-0.593688237875938,0.08152605507927713,1.8446848844069244,1.7213280638475295,-0.9817013864021145,0,0,0,0,0,0,0,0,0,0,0,0
2,14,publicity_commemorate,-4.152481848522814,0.21101162204680257,-0.4775418613179535,-0.06460506952892044,1.499572326878349,-1.1920096092433539,0.27296603240110107,0.7497038423508431,0.03752064975113645,-1.8755517659226968,0,0,0,0,0,0,0,0,0,0,0,0
2,14,rOSe_ENdUrabLE,2.949618776897133,-0.06058277544349458,-3.484278064410073,-0.9344659234743546,3.850621906668231,-0.23840544675935701,-2.468274746665949,0.22912620972835884,-1.7991151734071504,-1.0243795642383713,0,0,0,0,0,0,0,0,0,0,0,0
2,14,requirement_circle,-2.730853628488419,0.31760987474147045,-3.321465013846799,-1.3390724602705364,0.9424090417671153,1.9549744600628134,-1.6163619251910588,1.6242800327847102,0.6309120925433617,-0.3238934949486356,0,0,0,0,0,0,0,0,0,0,0,0
2,14,riddle_grape,-2.161137977199943,0.9026574193171859,-1.455099226400309,-2.5354848163372106,-1.7036906403029617,0.6501545448830642,1.2695273144474772,-2.3999811778876445,1.4730148391335065,-1.5180637811210012,0,0,0,0,0,0,0,0,0,0,0,0
2,14,sausage_selection,5.82078708420157,-4.136804810828348,-0.04319773102366045,0.30516338244508223,0.43824967061931824,0.7928651296759361,-0.5223104767209432,0.5205464134447914,0.7777181304725607,-0.413691424770143,0,0,0,0,0,0,0,0,0,0,0,0
2,14,sense_scandalous,-2.1452518147366426,-1.5525624167719458,-0.48044065317895174,2.164597379698596,1.9039816186177632,0.3305144894982371,0.6394624904956617,0.006403542529628723,1.1597029945561717,-0.0003451732372326915,0,0,0,0,0,0,0,0,0,0,0,0
2,14,serve_battlefield,-1.597851719179132,-0.10553317170454009,1.7098715048083106,-2.061998926704165,-1.4543568808199128,2.574084928842054,2.3308105219538624,-0.7898159592182301,-2.8056744277028933,-1.543895776573618,0,0,0,0,0,0,0,0,0,0,0,0
2,14,shareholder_air,-1.8742099669195305,-1.814764109011919,-1.107550610716705,1.0432287282134771,-2.276833446922478,1.400073119766546,0.9721263626708634,1.312392747788123,0.07723672709608395,1.756081447042292,0,0,0,0,0,0,0,0,0,0,0,0
2,14,simplistic_renew,-1.8314172961030784,-0.5907793931096756,-1.2464169224571962,2.0616413324177136,-0.5455538445955841,-2.978525637148881,1.4433543687365284,-0.5980978625064395,-0.5130896798514581,2.294920998907438,0,0,0,0,0,0,0,0,0,0,0,0
2,14,soap_marble,-2.8071126902188794,-2.6638284063898854,2.3181381261886678,1.5345464197806484,0.44202811746378523,0.6005535394266266,-1.6788691195899754,-0.6170175052698487,0.6944251566760672,1.201029948547479,0,0,0,0,0,0,0,0,0,0,0,0
2,14,source_low,-1.648457654425662,-2.331178057214642,-2.032786301052921,-0.6595745847567854,-0.6888792484721424,-2.3776593902658916,0.5618936502520374,2.7111771299580916,0.006303073655587537,1.0518797203415329,0,0,0,0,0,0,0,0,0,0,0,0
2,14,structure_mention,1.640413028021804,3.7513317872997787,0.505484998163238,-1.1958987325059909,-1.2027416241769118,-2.0312050578888723,-0.3649212724253494,0.7746111786074922,-1.2961975069934264,-0.5212807139436377,0,0,0,0,0,0,0,0,0,0,0,0
2,14,tape_drop,-1.736708446789136,-0.9793096551164335,-2.261845667504106,2.928754051299943,0.6302254074502804,1.7508141965098418,2.233859173157664,0.24583912865648222,-0.367622835424473,-1.0695601554202812,0,0,0,0,0,0,0,0,0,0,0,0
2,14,technology_burst,2.646767383633703,1.8244075497573096,3.0017166605838703,2.0709723049152013,-3.1789573029237532,1.1865758091355687,0.2535017074728388,3.097775100677524,-0.5883827340853434,-0.8297730153662094,0,0,0,0,0,0,0,0,0,0,0,0
2,14,technology_circle,-1.4490386339445913,1.5517725948372048,-3.6798268077149565,-2.7365584979898228,-1.580244596275523,2.446728826282769,-1.7536569729345537,0.805402805540835,1.8390273791803702,1.2011915852208785,0,0,0,0,0,0,0,0,0,0,0,0
2,14,thuNdEr_PeLViC,-3.7858934693774375,2.4826805942927455,-2.286045807408097,-0.6783098145705878,1.3264632483759438,1.4526447929497333,-0.6012155488968245,1.3257812715741242,-0.06893014944650176,-0.636029317355242,0,0,0,0,0,0,0,0,0,0,0,0
2,14,trait_basket,4.942462978563439,-1.893013060036459,-2.706482520231294,-1.5885566227830261,0.7317154071081811,0.6497744427234556,0.47046581865801235,-0.2402532179864823,-1.0635724882708364,-0.7413494023791217,0,0,0,0,0,0,0,0,0,0,0,0
2,14,wIld_ChEss,-4.1393577757560065,-2.054195662648681,1.166547909451227,-0.9631267932539873,1.9857823063519187,-0.9332101898718473,0.9407026461299817,0.8793389824465196,-0.305219736177251,0.33230265875213355,0,0,0,0,0,0,0,0,0,0,0,0
